"","grid_range","z"
"1","grid1",17.019
"2","grid2",17.315
"3","grid3",17.028
"4","grid4",17.033
"5","grid5",15.188
"6","grid6",15.76
"7","grid7",16.649
"8","grid8",17.289
"9","grid9",17.309
"10","grid10",17.231
"11","grid11",17.082
"12","grid12",16.891
"13","grid13",16.762
"14","grid14",16.726
"15","grid15",17.154
"16","grid16",16.176
"17","grid17",14.172
"18","grid18",14.451
"19","grid19",15.595
"20","grid20",13.631
"21","grid21",15.703
"22","grid22",16.235
"23","grid23",16.301
"24","grid24",16.298
"25","grid25",16.12
"26","grid26",16.391
"27","grid27",15.45
"28","grid28",16.241
"29","grid29",16.751
"30","grid30",17.018
"31","grid31",17.035
"32","grid32",16.945
"33","grid33",16.924
"34","grid34",16.925
"35","grid35",16.664
"36","grid36",16.307
"37","grid37",16.723
"38","grid38",16.307
"39","grid39",16.939
"40","grid40",16.989
"41","grid41",16.595
"42","grid42",16.529
"43","grid43",16.218
"44","grid44",17.457
"45","grid45",17.299
"46","grid46",16.987
"47","grid47",17.008
"48","grid48",15.635
"49","grid49",17.134
"50","grid50",17.115
"51","grid51",17.179
"52","grid52",17.184
"53","grid53",16.545
"54","grid54",17.036
"55","grid55",16.976
"56","grid56",17.057
"57","grid57",17.112
"58","grid58",17.245
"59","grid59",15.766
"60","grid60",15.353
"61","grid61",15.42
"62","grid62",14.838
"63","grid63",16.307
"64","grid64",16.315
"65","grid65",16.449
"66","grid66",16.79
"67","grid67",16.913
"68","grid68",16.446
"69","grid69",15.767
"70","grid70",16.271
"71","grid71",17.065
"72","grid72",17.003
"73","grid73",16.927
"74","grid74",16.967
"75","grid75",16.9
"76","grid76",16.85
"77","grid77",16.602
"78","grid78",16.681
"79","grid79",16.721
"80","grid80",16.859
"81","grid81",16.905
"82","grid82",16.945
"83","grid83",16.493
"84","grid84",16.555
"85","grid85",16.186
"86","grid86",16.264
"87","grid87",17.364
"88","grid88",17.018
"89","grid89",16.824
"90","grid90",17.06
"91","grid91",16.758
"92","grid92",17.298
"93","grid93",17.371
"94","grid94",16.902
"95","grid95",16.805
"96","grid96",16.809
"97","grid97",15.242
"98","grid98",16.165
"99","grid99",16.978
"100","grid100",17.019
"101","grid101",17.161
"102","grid102",16.289
"103","grid103",16.45
"104","grid104",15.752
"105","grid105",16.193
"106","grid106",16.309
"107","grid107",15.657
"108","grid108",15.883
"109","grid109",16.528
"110","grid110",16.794
"111","grid111",16.604
"112","grid112",16.697
"113","grid113",17.055
"114","grid114",16.994
"115","grid115",16.935
"116","grid116",16.914
"117","grid117",16.21
"118","grid118",16.83
"119","grid119",16.586
"120","grid120",16.627
"121","grid121",16.718
"122","grid122",16.799
"123","grid123",16.858
"124","grid124",16.908
"125","grid125",16.813
"126","grid126",16.83
"127","grid127",16.828
"128","grid128",16.026
"129","grid129",17.199
"130","grid130",16.887
"131","grid131",16.605
"132","grid132",16.879
"133","grid133",17.24
"134","grid134",17.255
"135","grid135",17.159
"136","grid136",17.164
"137","grid137",16.977
"138","grid138",17.293
"139","grid139",17.034
"140","grid140",16.671
"141","grid141",16.48
"142","grid142",16.918
"143","grid143",16.959
"144","grid144",16.913
"145","grid145",16.615
"146","grid146",16.212
"147","grid147",16.242
"148","grid148",16.414
"149","grid149",15.826
"150","grid150",15.103
"151","grid151",17.116
"152","grid152",17.172
"153","grid153",16.734
"154","grid154",16.953
"155","grid155",16.99
"156","grid156",16.988
"157","grid157",16.646
"158","grid158",15.03
"159","grid159",16.893
"160","grid160",16.824
"161","grid161",16.853
"162","grid162",16.406
"163","grid163",16.36
"164","grid164",16.505
"165","grid165",16.752
"166","grid166",16.882
"167","grid167",16.843
"168","grid168",16.84
"169","grid169",16.843
"170","grid170",16.106
"171","grid171",17.146
"172","grid172",16.958
"173","grid173",16.224
"174","grid174",17.465
"175","grid175",17.261
"176","grid176",17.134
"177","grid177",17.115
"178","grid178",17.086
"179","grid179",17.043
"180","grid180",17.283
"181","grid181",17.471
"182","grid182",16.358
"183","grid183",16.748
"184","grid184",16.97
"185","grid185",16.925
"186","grid186",16.827
"187","grid187",16.77
"188","grid188",16.239
"189","grid189",16.301
"190","grid190",16.401
"191","grid191",16.401
"192","grid192",16.513
"193","grid193",16.69
"194","grid194",16.973
"195","grid195",17.076
"196","grid196",16.976
"197","grid197",16.978
"198","grid198",16.478
"199","grid199",16.396
"200","grid200",16.481
"201","grid201",16.775
"202","grid202",16.796
"203","grid203",16.805
"204","grid204",16.366
"205","grid205",16.229
"206","grid206",16.445
"207","grid207",16.294
"208","grid208",16.513
"209","grid209",16.865
"210","grid210",16.853
"211","grid211",16.187
"212","grid212",16.4
"213","grid213",17.163
"214","grid214",17.112
"215","grid215",17.515
"216","grid216",17.43
"217","grid217",17.29
"218","grid218",17.249
"219","grid219",16.974
"220","grid220",16.922
"221","grid221",16.777
"222","grid222",17.138
"223","grid223",17.415
"224","grid224",16.803
"225","grid225",16.634
"226","grid226",17.007
"227","grid227",16.825
"228","grid228",16.796
"229","grid229",16.809
"230","grid230",15.587
"231","grid231",15.968
"232","grid232",16.079
"233","grid233",16.198
"234","grid234",16.106
"235","grid235",15.304
"236","grid236",15.14
"237","grid237",16.873
"238","grid238",16.97
"239","grid239",16.975
"240","grid240",16.963
"241","grid241",16.671
"242","grid242",16.705
"243","grid243",16.685
"244","grid244",16.755
"245","grid245",16.342
"246","grid246",15.889
"247","grid247",16.089
"248","grid248",16.559
"249","grid249",16.601
"250","grid250",16.543
"251","grid251",16.806
"252","grid252",17.016
"253","grid253",17.08
"254","grid254",16.547
"255","grid255",17.298
"256","grid256",17.357
"257","grid257",17.374
"258","grid258",16.62
"259","grid259",16.927
"260","grid260",17.133
"261","grid261",17.242
"262","grid262",16.882
"263","grid263",16.755
"264","grid264",17.378
"265","grid265",17.258
"266","grid266",16.576
"267","grid267",16.968
"268","grid268",17.288
"269","grid269",17.134
"270","grid270",16.253
"271","grid271",16.385
"272","grid272",15.93
"273","grid273",16.129
"274","grid274",16.259
"275","grid275",16.356
"276","grid276",16.293
"277","grid277",16.46
"278","grid278",16.815
"279","grid279",17.069
"280","grid280",16.974
"281","grid281",16.997
"282","grid282",17.003
"283","grid283",16.567
"284","grid284",16.386
"285","grid285",16.347
"286","grid286",16.395
"287","grid287",16.333
"288","grid288",15.961
"289","grid289",16.706
"290","grid290",16.66
"291","grid291",16.873
"292","grid292",16.862
"293","grid293",16.93
"294","grid294",16.974
"295","grid295",16.827
"296","grid296",17.079
"297","grid297",17.462
"298","grid298",16.933
"299","grid299",17.194
"300","grid300",17.303
"301","grid301",17.091
"302","grid302",17.179
"303","grid303",17.369
"304","grid304",16.515
"305","grid305",16.453
"306","grid306",16.501
"307","grid307",17.252
"308","grid308",17.029
"309","grid309",16.839
"310","grid310",17.192
"311","grid311",17.074
"312","grid312",16.302
"313","grid313",16.083
"314","grid314",14.802
"315","grid315",16.757
"316","grid316",16.385
"317","grid317",16.64
"318","grid318",16.736
"319","grid319",16.714
"320","grid320",16.604
"321","grid321",17.195
"322","grid322",16.9
"323","grid323",17.139
"324","grid324",16.921
"325","grid325",16.833
"326","grid326",16.652
"327","grid327",16.427
"328","grid328",16.471
"329","grid329",16.206
"330","grid330",14.382
"331","grid331",16.844
"332","grid332",16.939
"333","grid333",16.458
"334","grid334",16.896
"335","grid335",17.017
"336","grid336",17.243
"337","grid337",17.213
"338","grid338",16.921
"339","grid339",17.371
"340","grid340",16.977
"341","grid341",17.441
"342","grid342",16.974
"343","grid343",17.176
"344","grid344",16.43
"345","grid345",17.26
"346","grid346",17.345
"347","grid347",16.536
"348","grid348",17.369
"349","grid349",17.17
"350","grid350",17.365
"351","grid351",17.269
"352","grid352",17.115
"353","grid353",16.89
"354","grid354",16.76
"355","grid355",15.894
"356","grid356",15.864
"357","grid357",16.878
"358","grid358",16.92
"359","grid359",16.664
"360","grid360",16.668
"361","grid361",16.616
"362","grid362",16.943
"363","grid363",17.169
"364","grid364",17.241
"365","grid365",17.191
"366","grid366",17.04
"367","grid367",16.88
"368","grid368",16.756
"369","grid369",16.581
"370","grid370",16.498
"371","grid371",16.274
"372","grid372",15.413
"373","grid373",16.162
"374","grid374",16.215
"375","grid375",16.526
"376","grid376",16.877
"377","grid377",17.048
"378","grid378",17.151
"379","grid379",17.254
"380","grid380",16.971
"381","grid381",17.343
"382","grid382",17.427
"383","grid383",17.488
"384","grid384",17.322
"385","grid385",17.113
"386","grid386",17.953
"387","grid387",18.039
"388","grid388",17.561
"389","grid389",17.447
"390","grid390",17.348
"391","grid391",17.487
"392","grid392",17.423
"393","grid393",17.203
"394","grid394",16.859
"395","grid395",16.558
"396","grid396",16.669
"397","grid397",15.751
"398","grid398",16.858
"399","grid399",17.004
"400","grid400",17.045
"401","grid401",16.716
"402","grid402",16.592
"403","grid403",16.48
"404","grid404",16.924
"405","grid405",17.073
"406","grid406",17.217
"407","grid407",16.647
"408","grid408",17.076
"409","grid409",16.859
"410","grid410",16.835
"411","grid411",16.604
"412","grid412",15.447
"413","grid413",15.337
"414","grid414",15.393
"415","grid415",16.081
"416","grid416",16.13
"417","grid417",16.088
"418","grid418",16.14
"419","grid419",17.178
"420","grid420",17.203
"421","grid421",17.294
"422","grid422",17.36
"423","grid423",17.361
"424","grid424",17.451
"425","grid425",17.487
"426","grid426",17.556
"427","grid427",17.774
"428","grid428",17.702
"429","grid429",17.542
"430","grid430",17.493
"431","grid431",17.433
"432","grid432",17.315
"433","grid433",17.446
"434","grid434",17.397
"435","grid435",17.178
"436","grid436",16.595
"437","grid437",16.722
"438","grid438",16.746
"439","grid439",16.751
"440","grid440",16.897
"441","grid441",17.16
"442","grid442",17.278
"443","grid443",16.492
"444","grid444",16.952
"445","grid445",16.949
"446","grid446",16.857
"447","grid447",17.066
"448","grid448",16.445
"449","grid449",16.509
"450","grid450",16.651
"451","grid451",16.607
"452","grid452",16.772
"453","grid453",16.664
"454","grid454",15.653
"455","grid455",15.262
"456","grid456",15.888
"457","grid457",16.074
"458","grid458",16.034
"459","grid459",15.375
"460","grid460",15.295
"461","grid461",15.247
"462","grid462",17.238
"463","grid463",16.142
"464","grid464",16.805
"465","grid465",16.728
"466","grid466",17.46
"467","grid467",17.518
"468","grid468",17.312
"469","grid469",17.406
"470","grid470",17.301
"471","grid471",17.297
"472","grid472",17.436
"473","grid473",17.343
"474","grid474",17.321
"475","grid475",17.371
"476","grid476",17.267
"477","grid477",15.088
"478","grid478",16.391
"479","grid479",16.627
"480","grid480",16.766
"481","grid481",16.888
"482","grid482",17.013
"483","grid483",17.224
"484","grid484",16.98
"485","grid485",16.998
"486","grid486",16.469
"487","grid487",16.337
"488","grid488",16.389
"489","grid489",17.08
"490","grid490",17.178
"491","grid491",16.755
"492","grid492",16.695
"493","grid493",16.604
"494","grid494",16.492
"495","grid495",16.698
"496","grid496",15.278
"497","grid497",13.616
"498","grid498",15.786
"499","grid499",15.957
"500","grid500",16.039
"501","grid501",14.779
"502","grid502",15.242
"503","grid503",15.227
"504","grid504",17.255
"505","grid505",16.327
"506","grid506",15.909
"507","grid507",16.118
"508","grid508",16.173
"509","grid509",17.527
"510","grid510",17.265
"511","grid511",17.091
"512","grid512",17.227
"513","grid513",16.61
"514","grid514",16.621
"515","grid515",16.611
"516","grid516",17.242
"517","grid517",17.207
"518","grid518",17.217
"519","grid519",17.155
"520","grid520",16.161
"521","grid521",16.465
"522","grid522",16.846
"523","grid523",16.957
"524","grid524",16.736
"525","grid525",16.944
"526","grid526",17.079
"527","grid527",16.622
"528","grid528",16.895
"529","grid529",17.038
"530","grid530",16.92
"531","grid531",17.043
"532","grid532",17.093
"533","grid533",16.762
"534","grid534",16.713
"535","grid535",16.83
"536","grid536",16.171
"537","grid537",15.804
"538","grid538",15.231
"539","grid539",14.946
"540","grid540",13.927
"541","grid541",16.47
"542","grid542",15.932
"543","grid543",16.101
"544","grid544",15.063
"545","grid545",14.848
"546","grid546",13.932
"547","grid547",16.67
"548","grid548",15.843
"549","grid549",16.299
"550","grid550",16.019
"551","grid551",16.661
"552","grid552",16.803
"553","grid553",16.952
"554","grid554",16.983
"555","grid555",17.145
"556","grid556",16.985
"557","grid557",17.035
"558","grid558",17.268
"559","grid559",17.163
"560","grid560",17.104
"561","grid561",17.076
"562","grid562",16.674
"563","grid563",16.408
"564","grid564",16.876
"565","grid565",16.349
"566","grid566",16.532
"567","grid567",16.431
"568","grid568",16.845
"569","grid569",16.987
"570","grid570",16.995
"571","grid571",16.276
"572","grid572",16.376
"573","grid573",16.881
"574","grid574",16.941
"575","grid575",17.004
"576","grid576",16.68
"577","grid577",16.773
"578","grid578",16.86
"579","grid579",15.627
"580","grid580",16.276
"581","grid581",15.029
"582","grid582",16.012
"583","grid583",16.684
"584","grid584",16.011
"585","grid585",15.978
"586","grid586",16.108
"587","grid587",16.39
"588","grid588",16.466
"589","grid589",16.74
"590","grid590",16.683
"591","grid591",16.693
"592","grid592",16.607
"593","grid593",15.983
"594","grid594",16.343
"595","grid595",16.382
"596","grid596",16.859
"597","grid597",16.952
"598","grid598",16.979
"599","grid599",17.042
"600","grid600",17.059
"601","grid601",17.074
"602","grid602",16.973
"603","grid603",16.949
"604","grid604",16.939
"605","grid605",16.893
"606","grid606",16.987
"607","grid607",16.124
"608","grid608",15.782
"609","grid609",16.584
"610","grid610",16.79
"611","grid611",16.504
"612","grid612",16.603
"613","grid613",16.385
"614","grid614",17.204
"615","grid615",16.776
"616","grid616",16.426
"617","grid617",16.8
"618","grid618",16.938
"619","grid619",16.903
"620","grid620",16.718
"621","grid621",17.02
"622","grid622",16.302
"623","grid623",16.397
"624","grid624",15.859
"625","grid625",16.384
"626","grid626",16.495
"627","grid627",16.035
"628","grid628",16.601
"629","grid629",16.637
"630","grid630",16.701
"631","grid631",16.887
"632","grid632",16.409
"633","grid633",15.57
"634","grid634",16.691
"635","grid635",16.557
"636","grid636",16.449
"637","grid637",16.353
"638","grid638",16.379
"639","grid639",16.371
"640","grid640",16.962
"641","grid641",17.03
"642","grid642",17.05
"643","grid643",16.702
"644","grid644",16.961
"645","grid645",16.935
"646","grid646",16.91
"647","grid647",16.597
"648","grid648",16.864
"649","grid649",16.038
"650","grid650",16.061
"651","grid651",16.665
"652","grid652",16.844
"653","grid653",16.917
"654","grid654",16.515
"655","grid655",16.607
"656","grid656",17.235
"657","grid657",16.756
"658","grid658",16.1
"659","grid659",15.98
"660","grid660",16.751
"661","grid661",16.859
"662","grid662",17.059
"663","grid663",16.94
"664","grid664",16.791
"665","grid665",16.317
"666","grid666",16.529
"667","grid667",15.643
"668","grid668",16.284
"669","grid669",16.704
"670","grid670",16.748
"671","grid671",16.823
"672","grid672",16.877
"673","grid673",16.64
"674","grid674",16.763
"675","grid675",16.688
"676","grid676",16.366
"677","grid677",16.275
"678","grid678",16.645
"679","grid679",16.588
"680","grid680",16.272
"681","grid681",16.092
"682","grid682",16.363
"683","grid683",16.133
"684","grid684",16.548
"685","grid685",16.534
"686","grid686",16.912
"687","grid687",16.873
"688","grid688",16.87
"689","grid689",16.479
"690","grid690",14.325
"691","grid691",12.636
"692","grid692",15.905
"693","grid693",16.57
"694","grid694",16.817
"695","grid695",16.873
"696","grid696",16.444
"697","grid697",16.439
"698","grid698",17.122
"699","grid699",16.538
"700","grid700",16.751
"701","grid701",16.627
"702","grid702",16.437
"703","grid703",16.732
"704","grid704",16.456
"705","grid705",15.612
"706","grid706",15.527
"707","grid707",15.868
"708","grid708",16.213
"709","grid709",16.52
"710","grid710",16.445
"711","grid711",16.454
"712","grid712",16.415
"713","grid713",16.901
"714","grid714",16.967
"715","grid715",17.042
"716","grid716",16.703
"717","grid717",16.191
"718","grid718",16.11
"719","grid719",16.73
"720","grid720",17.197
"721","grid721",16.986
"722","grid722",16.373
"723","grid723",16.465
"724","grid724",16.449
"725","grid725",16.186
"726","grid726",16.527
"727","grid727",16.892
"728","grid728",16.811
"729","grid729",16.699
"730","grid730",16.465
"731","grid731",16.312
"732","grid732",14.272
"733","grid733",16.019
"734","grid734",16.155
"735","grid735",16.252
"736","grid736",16.675
"737","grid737",16.706
"738","grid738",16.551
"739","grid739",15.745
"740","grid740",16.948
"741","grid741",16.348
"742","grid742",16.111
"743","grid743",16.442
"744","grid744",16.148
"745","grid745",16.559
"746","grid746",16.515
"747","grid747",16.517
"748","grid748",15.614
"749","grid749",15.764
"750","grid750",15.842
"751","grid751",16.175
"752","grid752",15.88
"753","grid753",16.555
"754","grid754",16.512
"755","grid755",17.111
"756","grid756",17.036
"757","grid757",17.086
"758","grid758",17.085
"759","grid759",17.064
"760","grid760",16.973
"761","grid761",17.185
"762","grid762",17.108
"763","grid763",16.35
"764","grid764",16.557
"765","grid765",16.683
"766","grid766",16.496
"767","grid767",16.434
"768","grid768",16.797
"769","grid769",16.762
"770","grid770",16.732
"771","grid771",16.619
"772","grid772",16.393
"773","grid773",16.195
"774","grid774",16.24
"775","grid775",16.076
"776","grid776",15.983
"777","grid777",16.101
"778","grid778",16.589
"779","grid779",16.604
"780","grid780",16.55
"781","grid781",16.465
"782","grid782",16.274
"783","grid783",16.062
"784","grid784",16.07
"785","grid785",16.053
"786","grid786",16.213
"787","grid787",16.409
"788","grid788",16.542
"789","grid789",15.691
"790","grid790",16.923
"791","grid791",17.029
"792","grid792",16.991
"793","grid793",16.991
"794","grid794",13.881
"795","grid795",16.06
"796","grid796",16.112
"797","grid797",17.185
"798","grid798",17.136
"799","grid799",16.968
"800","grid800",17.004
"801","grid801",17.015
"802","grid802",16.576
"803","grid803",17.018
"804","grid804",16.811
"805","grid805",17.022
"806","grid806",17.098
"807","grid807",16.937
"808","grid808",16.541
"809","grid809",16.544
"810","grid810",16.78
"811","grid811",16.768
"812","grid812",16.574
"813","grid813",16.214
"814","grid814",16.584
"815","grid815",16.66
"816","grid816",16.218
"817","grid817",16.243
"818","grid818",16.234
"819","grid819",16.468
"820","grid820",16.427
"821","grid821",16.79
"822","grid822",16.861
"823","grid823",16.208
"824","grid824",16.226
"825","grid825",16.251
"826","grid826",16.273
"827","grid827",16.401
"828","grid828",16.508
"829","grid829",16.703
"830","grid830",16.713
"831","grid831",16.886
"832","grid832",16.824
"833","grid833",16.993
"834","grid834",16.978
"835","grid835",16.982
"836","grid836",13.984
"837","grid837",16.161
"838","grid838",15.852
"839","grid839",16.327
"840","grid840",17.176
"841","grid841",16.568
"842","grid842",16.93
"843","grid843",16.886
"844","grid844",16.902
"845","grid845",16.567
"846","grid846",16.646
"847","grid847",17.039
"848","grid848",17.002
"849","grid849",16.841
"850","grid850",16.841
"851","grid851",16.822
"852","grid852",16.474
"853","grid853",16.845
"854","grid854",16.39
"855","grid855",16.304
"856","grid856",16.718
"857","grid857",16.265
"858","grid858",16.317
"859","grid859",16.269
"860","grid860",16.235
"861","grid861",16.272
"862","grid862",16.314
"863","grid863",16.476
"864","grid864",16.636
"865","grid865",16.763
"866","grid866",16.729
"867","grid867",16.553
"868","grid868",16.006
"869","grid869",15.9
"870","grid870",16.503
"871","grid871",17.007
"872","grid872",16.89
"873","grid873",16.757
"874","grid874",16.758
"875","grid875",16.665
"876","grid876",16.952
"877","grid877",16.905
"878","grid878",16.613
"879","grid879",16.098
"880","grid880",16.255
"881","grid881",16.278
"882","grid882",16.252
"883","grid883",16.477
"884","grid884",16.829
"885","grid885",16.817
"886","grid886",16.78
"887","grid887",16.531
"888","grid888",16.62
"889","grid889",16.814
"890","grid890",15.048
"891","grid891",16.947
"892","grid892",16.951
"893","grid893",16.895
"894","grid894",16.878
"895","grid895",16.916
"896","grid896",16.559
"897","grid897",16.435
"898","grid898",16.62
"899","grid899",16.71
"900","grid900",16.523
"901","grid901",16.348
"902","grid902",16.114
"903","grid903",16.166
"904","grid904",16.235
"905","grid905",16.157
"906","grid906",16.263
"907","grid907",16.53
"908","grid908",15.928
"909","grid909",16.022
"910","grid910",15.982
"911","grid911",16.319
"912","grid912",16.975
"913","grid913",16.892
"914","grid914",16.674
"915","grid915",16.689
"916","grid916",16.63
"917","grid917",16.656
"918","grid918",16.806
"919","grid919",16.872
"920","grid920",16.56
"921","grid921",16.71
"922","grid922",16.203
"923","grid923",16.161
"924","grid924",16.13
"925","grid925",16.349
"926","grid926",16.787
"927","grid927",16.717
"928","grid928",16.439
"929","grid929",16.044
"930","grid930",16.64
"931","grid931",16.49
"932","grid932",16.45
"933","grid933",16.264
"934","grid934",16.366
"935","grid935",16.179
"936","grid936",16.409
"937","grid937",16.658
"938","grid938",16.706
"939","grid939",16.583
"940","grid940",15.897
"941","grid941",16.841
"942","grid942",16.047
"943","grid943",16.166
"944","grid944",16.388
"945","grid945",16.511
"946","grid946",15.312
"947","grid947",16.089
"948","grid948",16.653
"949","grid949",16.587
"950","grid950",16.557
"951","grid951",16.711
"952","grid952",16.678
"953","grid953",15.257
"954","grid954",16.056
"955","grid955",17.097
"956","grid956",17.153
"957","grid957",17.096
"958","grid958",17.018
"959","grid959",16.666
"960","grid960",16.746
"961","grid961",16.946
"962","grid962",16.599
"963","grid963",16.72
"964","grid964",16.824
"965","grid965",16.069
"966","grid966",16.467
"967","grid967",16.201
"968","grid968",16.617
"969","grid969",16.516
"970","grid970",16.326
"971","grid971",16.792
"972","grid972",16.558
"973","grid973",16.497
"974","grid974",16.388
"975","grid975",16.159
"976","grid976",16.076
"977","grid977",16.395
"978","grid978",16.523
"979","grid979",16.689
"980","grid980",16.863
"981","grid981",16.576
"982","grid982",16.056
"983","grid983",16.709
"984","grid984",16.079
"985","grid985",16.13
"986","grid986",16.192
"987","grid987",16.25
"988","grid988",16.416
"989","grid989",16.673
"990","grid990",16.816
"991","grid991",16.689
"992","grid992",16.648
"993","grid993",16.872
"994","grid994",16.752
"995","grid995",16.833
"996","grid996",16.95
"997","grid997",16.89
"998","grid998",16.929
"999","grid999",16.96
"1000","grid1000",16.93
"1001","grid1001",16.642
"1002","grid1002",16.779
"1003","grid1003",16.876
"1004","grid1004",16.933
"1005","grid1005",16.681
"1006","grid1006",16.916
"1007","grid1007",16.524
"1008","grid1008",16.307
"1009","grid1009",16.147
"1010","grid1010",16.441
"1011","grid1011",16.625
"1012","grid1012",16.895
"1013","grid1013",16.738
"1014","grid1014",16.96
"1015","grid1015",16.481
"1016","grid1016",15.47
"1017","grid1017",15.961
"1018","grid1018",15.951
"1019","grid1019",16.353
"1020","grid1020",16.647
"1021","grid1021",16.731
"1022","grid1022",17.059
"1023","grid1023",16.122
"1024","grid1024",16.48
"1025","grid1025",16.447
"1026","grid1026",16.283
"1027","grid1027",15.94
"1028","grid1028",15.887
"1029","grid1029",16.701
"1030","grid1030",16.914
"1031","grid1031",16.933
"1032","grid1032",16.417
"1033","grid1033",16.721
"1034","grid1034",17.169
"1035","grid1035",17.148
"1036","grid1036",17.206
"1037","grid1037",16.97
"1038","grid1038",16.415
"1039","grid1039",16.493
"1040","grid1040",16.198
"1041","grid1041",16.811
"1042","grid1042",16.873
"1043","grid1043",16.363
"1044","grid1044",14.729
"1045","grid1045",16.831
"1046","grid1046",16.916
"1047","grid1047",16.931
"1048","grid1048",16.341
"1049","grid1049",16.669
"1050","grid1050",16.35
"1051","grid1051",16.373
"1052","grid1052",17.132
"1053","grid1053",16.984
"1054","grid1054",16.069
"1055","grid1055",17.111
"1056","grid1056",16.81
"1057","grid1057",17.098
"1058","grid1058",16.703
"1059","grid1059",16.005
"1060","grid1060",16.348
"1061","grid1061",16.496
"1062","grid1062",16.747
"1063","grid1063",16.854
"1064","grid1064",17.179
"1065","grid1065",16.037
"1066","grid1066",16.432
"1067","grid1067",16.279
"1068","grid1068",16.433
"1069","grid1069",16.55
"1070","grid1070",16.727
"1071","grid1071",16.855
"1072","grid1072",17.281
"1073","grid1073",17.188
"1074","grid1074",17.21
"1075","grid1075",17.277
"1076","grid1076",17.275
"1077","grid1077",17.268
"1078","grid1078",17.268
"1079","grid1079",16.633
"1080","grid1080",16.794
"1081","grid1081",16.768
"1082","grid1082",16.519
"1083","grid1083",16.569
"1084","grid1084",16.674
"1085","grid1085",16.756
"1086","grid1086",16.533
"1087","grid1087",16.913
"1088","grid1088",16.936
"1089","grid1089",16.965
"1090","grid1090",16.775
"1091","grid1091",16.67
"1092","grid1092",16.415
"1093","grid1093",16.22
"1094","grid1094",17.265
"1095","grid1095",16.849
"1096","grid1096",17.018
"1097","grid1097",17.229
"1098","grid1098",16.87
"1099","grid1099",17.023
"1100","grid1100",16.538
"1101","grid1101",15.926
"1102","grid1102",15.787
"1103","grid1103",15.719
"1104","grid1104",16.658
"1105","grid1105",16.018
"1106","grid1106",16.676
"1107","grid1107",17.042
"1108","grid1108",16.165
"1109","grid1109",15.988
"1110","grid1110",15.87
"1111","grid1111",16.445
"1112","grid1112",16.5
"1113","grid1113",16.512
"1114","grid1114",16.199
"1115","grid1115",17.466
"1116","grid1116",17.481
"1117","grid1117",17.323
"1118","grid1118",17.401
"1119","grid1119",17.401
"1120","grid1120",17.415
"1121","grid1121",16.633
"1122","grid1122",16.554
"1123","grid1123",16.633
"1124","grid1124",16.226
"1125","grid1125",14.97
"1126","grid1126",16.571
"1127","grid1127",16.677
"1128","grid1128",16.651
"1129","grid1129",16.934
"1130","grid1130",16.984
"1131","grid1131",16.947
"1132","grid1132",17.025
"1133","grid1133",16.549
"1134","grid1134",16.547
"1135","grid1135",16.599
"1136","grid1136",17.118
"1137","grid1137",17.399
"1138","grid1138",17.25
"1139","grid1139",16.639
"1140","grid1140",16.966
"1141","grid1141",16.741
"1142","grid1142",16.773
"1143","grid1143",16.111
"1144","grid1144",16.562
"1145","grid1145",15.675
"1146","grid1146",16.519
"1147","grid1147",16.831
"1148","grid1148",16.919
"1149","grid1149",16.808
"1150","grid1150",14.954
"1151","grid1151",15.109
"1152","grid1152",15.172
"1153","grid1153",16.373
"1154","grid1154",16.505
"1155","grid1155",16.613
"1156","grid1156",16.26
"1157","grid1157",14.621
"1158","grid1158",17.102
"1159","grid1159",17.19
"1160","grid1160",17.465
"1161","grid1161",17.534
"1162","grid1162",17.176
"1163","grid1163",16.566
"1164","grid1164",16.389
"1165","grid1165",17.168
"1166","grid1166",17.015
"1167","grid1167",16.042
"1168","grid1168",15.998
"1169","grid1169",16.483
"1170","grid1170",16.581
"1171","grid1171",16.926
"1172","grid1172",17.061
"1173","grid1173",17.2
"1174","grid1174",17.057
"1175","grid1175",16.534
"1176","grid1176",16.55
"1177","grid1177",16.552
"1178","grid1178",17.567
"1179","grid1179",17.407
"1180","grid1180",17.224
"1181","grid1181",17.859
"1182","grid1182",17.239
"1183","grid1183",17.329
"1184","grid1184",17.363
"1185","grid1185",16.657
"1186","grid1186",16.586
"1187","grid1187",16.38
"1188","grid1188",16.459
"1189","grid1189",16.875
"1190","grid1190",16.494
"1191","grid1191",16.808
"1192","grid1192",14.126
"1193","grid1193",15.165
"1194","grid1194",15.238
"1195","grid1195",15.315
"1196","grid1196",16.343
"1197","grid1197",16.529
"1198","grid1198",16.61
"1199","grid1199",17.262
"1200","grid1200",17.281
"1201","grid1201",17.266
"1202","grid1202",17.647
"1203","grid1203",17.794
"1204","grid1204",17.587
"1205","grid1205",17.491
"1206","grid1206",17.42
"1207","grid1207",16.742
"1208","grid1208",17.135
"1209","grid1209",16.978
"1210","grid1210",16.395
"1211","grid1211",13.235
"1212","grid1212",16.768
"1213","grid1213",17.096
"1214","grid1214",17.385
"1215","grid1215",17.148
"1216","grid1216",14.698
"1217","grid1217",16.461
"1218","grid1218",16.451
"1219","grid1219",16.91
"1220","grid1220",17.601
"1221","grid1221",17.456
"1222","grid1222",17.285
"1223","grid1223",17.781
"1224","grid1224",17.91
"1225","grid1225",17.814
"1226","grid1226",17.679
"1227","grid1227",17.487
"1228","grid1228",16.625
"1229","grid1229",16.54
"1230","grid1230",16.844
"1231","grid1231",16.748
"1232","grid1232",16.414
"1233","grid1233",16.739
"1234","grid1234",14.31
"1235","grid1235",14.433
"1236","grid1236",14.07
"1237","grid1237",15.108
"1238","grid1238",16.089
"1239","grid1239",16.362
"1240","grid1240",16.924
"1241","grid1241",17.493
"1242","grid1242",17.307
"1243","grid1243",17.244
"1244","grid1244",16.683
"1245","grid1245",17.104
"1246","grid1246",17.753
"1247","grid1247",17.697
"1248","grid1248",17.54
"1249","grid1249",17.388
"1250","grid1250",17.267
"1251","grid1251",16.907
"1252","grid1252",16.951
"1253","grid1253",14.749
"1254","grid1254",16.361
"1255","grid1255",17.137
"1256","grid1256",17.395
"1257","grid1257",16.911
"1258","grid1258",17.043
"1259","grid1259",16.371
"1260","grid1260",15.938
"1261","grid1261",16.766
"1262","grid1262",17.541
"1263","grid1263",17.542
"1264","grid1264",17.605
"1265","grid1265",17.462
"1266","grid1266",18.03
"1267","grid1267",16.919
"1268","grid1268",17.877
"1269","grid1269",17.789
"1270","grid1270",16.889
"1271","grid1271",16.566
"1272","grid1272",16.935
"1273","grid1273",16.725
"1274","grid1274",15.697
"1275","grid1275",16.525
"1276","grid1276",16.705
"1277","grid1277",14.382
"1278","grid1278",14.153
"1279","grid1279",14.254
"1280","grid1280",16.553
"1281","grid1281",16.622
"1282","grid1282",16.332
"1283","grid1283",17.523
"1284","grid1284",17.22
"1285","grid1285",16.929
"1286","grid1286",16.947
"1287","grid1287",16.973
"1288","grid1288",17.124
"1289","grid1289",16.575
"1290","grid1290",17.668
"1291","grid1291",17.599
"1292","grid1292",16.882
"1293","grid1293",17.061
"1294","grid1294",16.885
"1295","grid1295",14.77
"1296","grid1296",17.014
"1297","grid1297",17.191
"1298","grid1298",16.825
"1299","grid1299",17.474
"1300","grid1300",17.234
"1301","grid1301",16.524
"1302","grid1302",15.996
"1303","grid1303",17.092
"1304","grid1304",17.539
"1305","grid1305",17.578
"1306","grid1306",17.653
"1307","grid1307",17.629
"1308","grid1308",17.831
"1309","grid1309",18.12
"1310","grid1310",18.065
"1311","grid1311",17.979
"1312","grid1312",17.496
"1313","grid1313",17.243
"1314","grid1314",16.842
"1315","grid1315",16.757
"1316","grid1316",16.557
"1317","grid1317",16.706
"1318","grid1318",16.653
"1319","grid1319",14.431
"1320","grid1320",14.363
"1321","grid1321",16.401
"1322","grid1322",16.421
"1323","grid1323",16.767
"1324","grid1324",16.929
"1325","grid1325",16.899
"1326","grid1326",17.09
"1327","grid1327",16.851
"1328","grid1328",16.556
"1329","grid1329",16.991
"1330","grid1330",16.776
"1331","grid1331",17.049
"1332","grid1332",16.844
"1333","grid1333",17.692
"1334","grid1334",17.586
"1335","grid1335",16.885
"1336","grid1336",16.989
"1337","grid1337",16.944
"1338","grid1338",17.211
"1339","grid1339",17.308
"1340","grid1340",17.265
"1341","grid1341",17.592
"1342","grid1342",17.006
"1343","grid1343",17.001
"1344","grid1344",16.817
"1345","grid1345",16.853
"1346","grid1346",16.983
"1347","grid1347",17.655
"1348","grid1348",17.673
"1349","grid1349",17.769
"1350","grid1350",17.891
"1351","grid1351",16.618
"1352","grid1352",17.198
"1353","grid1353",17.248
"1354","grid1354",17.109
"1355","grid1355",17.049
"1356","grid1356",16.394
"1357","grid1357",15.675
"1358","grid1358",16.393
"1359","grid1359",16.681
"1360","grid1360",16.784
"1361","grid1361",13.828
"1362","grid1362",14.599
"1363","grid1363",16.058
"1364","grid1364",16.268
"1365","grid1365",16.375
"1366","grid1366",15.906
"1367","grid1367",16.429
"1368","grid1368",16.302
"1369","grid1369",16.719
"1370","grid1370",16.738
"1371","grid1371",16.576
"1372","grid1372",17.091
"1373","grid1373",17.417
"1374","grid1374",16.964
"1375","grid1375",16.886
"1376","grid1376",17.184
"1377","grid1377",17.05
"1378","grid1378",15.307
"1379","grid1379",16.975
"1380","grid1380",17.185
"1381","grid1381",16.933
"1382","grid1382",17.085
"1383","grid1383",16.677
"1384","grid1384",16.809
"1385","grid1385",16.686
"1386","grid1386",16.447
"1387","grid1387",16.698
"1388","grid1388",17.648
"1389","grid1389",17.907
"1390","grid1390",17.325
"1391","grid1391",16.645
"1392","grid1392",17.786
"1393","grid1393",17.839
"1394","grid1394",17.233
"1395","grid1395",16.922
"1396","grid1396",16.823
"1397","grid1397",16.427
"1398","grid1398",16.47
"1399","grid1399",15.716
"1400","grid1400",16.229
"1401","grid1401",16.452
"1402","grid1402",16.89
"1403","grid1403",16.84
"1404","grid1404",13.963
"1405","grid1405",16.194
"1406","grid1406",15.632
"1407","grid1407",15.998
"1408","grid1408",16.843
"1409","grid1409",16.809
"1410","grid1410",16.794
"1411","grid1411",16.516
"1412","grid1412",16.45
"1413","grid1413",17.145
"1414","grid1414",17.376
"1415","grid1415",17.494
"1416","grid1416",17.207
"1417","grid1417",17.455
"1418","grid1418",17.561
"1419","grid1419",17.45
"1420","grid1420",15.876
"1421","grid1421",15.272
"1422","grid1422",16.975
"1423","grid1423",16.49
"1424","grid1424",16.614
"1425","grid1425",16.681
"1426","grid1426",17.321
"1427","grid1427",17.086
"1428","grid1428",16.546
"1429","grid1429",16.862
"1430","grid1430",17.63
"1431","grid1431",17.84
"1432","grid1432",17.997
"1433","grid1433",17.696
"1434","grid1434",17.089
"1435","grid1435",17.529
"1436","grid1436",17.435
"1437","grid1437",17.084
"1438","grid1438",16.706
"1439","grid1439",16.341
"1440","grid1440",16.185
"1441","grid1441",16.516
"1442","grid1442",15.995
"1443","grid1443",16.302
"1444","grid1444",16.726
"1445","grid1445",16.994
"1446","grid1446",14.173
"1447","grid1447",16.225
"1448","grid1448",14.531
"1449","grid1449",16.158
"1450","grid1450",16.28
"1451","grid1451",16.352
"1452","grid1452",16.305
"1453","grid1453",16.836
"1454","grid1454",16.734
"1455","grid1455",16.807
"1456","grid1456",16.889
"1457","grid1457",17.102
"1458","grid1458",17.183
"1459","grid1459",17.301
"1460","grid1460",17.294
"1461","grid1461",17.203
"1462","grid1462",15.935
"1463","grid1463",17.032
"1464","grid1464",16.608
"1465","grid1465",16.006
"1466","grid1466",16.585
"1467","grid1467",16.643
"1468","grid1468",16.836
"1469","grid1469",17.405
"1470","grid1470",17.453
"1471","grid1471",17.331
"1472","grid1472",17.248
"1473","grid1473",16.7
"1474","grid1474",17.841
"1475","grid1475",17.408
"1476","grid1476",17.479
"1477","grid1477",17.355
"1478","grid1478",17.221
"1479","grid1479",17.242
"1480","grid1480",17.081
"1481","grid1481",15.839
"1482","grid1482",16.095
"1483","grid1483",16.429
"1484","grid1484",15.89
"1485","grid1485",16.02
"1486","grid1486",16.076
"1487","grid1487",16.724
"1488","grid1488",16.886
"1489","grid1489",16.188
"1490","grid1490",16.3
"1491","grid1491",16.523
"1492","grid1492",16.7
"1493","grid1493",15.674
"1494","grid1494",16.681
"1495","grid1495",16.721
"1496","grid1496",16.796
"1497","grid1497",16.824
"1498","grid1498",16.948
"1499","grid1499",16.665
"1500","grid1500",16.751
"1501","grid1501",16.875
"1502","grid1502",17.112
"1503","grid1503",16.699
"1504","grid1504",17.117
"1505","grid1505",16.9
"1506","grid1506",15.905
"1507","grid1507",15.381
"1508","grid1508",15.917
"1509","grid1509",16.587
"1510","grid1510",16.753
"1511","grid1511",17.111
"1512","grid1512",17.234
"1513","grid1513",17.053
"1514","grid1514",17.159
"1515","grid1515",17.064
"1516","grid1516",17.232
"1517","grid1517",17.189
"1518","grid1518",17.127
"1519","grid1519",17.199
"1520","grid1520",17.318
"1521","grid1521",17.19
"1522","grid1522",17.216
"1523","grid1523",16.276
"1524","grid1524",15.896
"1525","grid1525",16.076
"1526","grid1526",16.407
"1527","grid1527",16.318
"1528","grid1528",16.054
"1529","grid1529",16.558
"1530","grid1530",16.614
"1531","grid1531",16.644
"1532","grid1532",16.407
"1533","grid1533",16.116
"1534","grid1534",16.324
"1535","grid1535",16.629
"1536","grid1536",15.371
"1537","grid1537",15.973
"1538","grid1538",16.8
"1539","grid1539",16.561
"1540","grid1540",16.617
"1541","grid1541",16.739
"1542","grid1542",16.828
"1543","grid1543",16.877
"1544","grid1544",17.078
"1545","grid1545",16.81
"1546","grid1546",16.756
"1547","grid1547",17.253
"1548","grid1548",14.976
"1549","grid1549",14.949
"1550","grid1550",15.208
"1551","grid1551",15.997
"1552","grid1552",16.559
"1553","grid1553",16.676
"1554","grid1554",16.945
"1555","grid1555",16.807
"1556","grid1556",16.3
"1557","grid1557",17.022
"1558","grid1558",17.053
"1559","grid1559",17.06
"1560","grid1560",16.542
"1561","grid1561",16.57
"1562","grid1562",16.492
"1563","grid1563",15.569
"1564","grid1564",15.95
"1565","grid1565",16.072
"1566","grid1566",15.611
"1567","grid1567",15.502
"1568","grid1568",16.274
"1569","grid1569",16.366
"1570","grid1570",16.44
"1571","grid1571",16.562
"1572","grid1572",16.538
"1573","grid1573",16.561
"1574","grid1574",14.339
"1575","grid1575",14.516
"1576","grid1576",14.191
"1577","grid1577",15.187
"1578","grid1578",16.55
"1579","grid1579",16.496
"1580","grid1580",15.983
"1581","grid1581",15.948
"1582","grid1582",16.651
"1583","grid1583",16.762
"1584","grid1584",16.819
"1585","grid1585",16.071
"1586","grid1586",16.911
"1587","grid1587",16.659
"1588","grid1588",17.388
"1589","grid1589",16.139
"1590","grid1590",15.16
"1591","grid1591",14.946
"1592","grid1592",15.49
"1593","grid1593",15.693
"1594","grid1594",16.029
"1595","grid1595",14.763
"1596","grid1596",16.574
"1597","grid1597",16.845
"1598","grid1598",15.701
"1599","grid1599",16.444
"1600","grid1600",16.971
"1601","grid1601",14.392
"1602","grid1602",16.591
"1603","grid1603",16.599
"1604","grid1604",16.421
"1605","grid1605",16.356
"1606","grid1606",16.147
"1607","grid1607",15.959
"1608","grid1608",15.761
"1609","grid1609",16.012
"1610","grid1610",16.33
"1611","grid1611",16.433
"1612","grid1612",16.032
"1613","grid1613",16.45
"1614","grid1614",16.439
"1615","grid1615",16.454
"1616","grid1616",16.444
"1617","grid1617",15.003
"1618","grid1618",15.086
"1619","grid1619",15.226
"1620","grid1620",15.709
"1621","grid1621",16.547
"1622","grid1622",16.497
"1623","grid1623",16.458
"1624","grid1624",15.75
"1625","grid1625",16.741
"1626","grid1626",16.782
"1627","grid1627",16.831
"1628","grid1628",17.17
"1629","grid1629",17.282
"1630","grid1630",17.222
"1631","grid1631",15.745
"1632","grid1632",16.162
"1633","grid1633",16.172
"1634","grid1634",16.559
"1635","grid1635",16.58
"1636","grid1636",16.651
"1637","grid1637",16.539
"1638","grid1638",16.676
"1639","grid1639",15.916
"1640","grid1640",15.636
"1641","grid1641",16.529
"1642","grid1642",16.061
"1643","grid1643",16.243
"1644","grid1644",15.834
"1645","grid1645",16.145
"1646","grid1646",16.61
"1647","grid1647",16.302
"1648","grid1648",16.817
"1649","grid1649",16.494
"1650","grid1650",16.312
"1651","grid1651",16.205
"1652","grid1652",16.339
"1653","grid1653",16.071
"1654","grid1654",16.026
"1655","grid1655",15.68
"1656","grid1656",15.806
"1657","grid1657",15.858
"1658","grid1658",15.913
"1659","grid1659",15.846
"1660","grid1660",15.959
"1661","grid1661",15.258
"1662","grid1662",15.407
"1663","grid1663",16.72
"1664","grid1664",16.754
"1665","grid1665",16.72
"1666","grid1666",16.586
"1667","grid1667",16.768
"1668","grid1668",17.065
"1669","grid1669",17.109
"1670","grid1670",17.008
"1671","grid1671",17.055
"1672","grid1672",16.906
"1673","grid1673",16.177
"1674","grid1674",16.897
"1675","grid1675",16.859
"1676","grid1676",16.443
"1677","grid1677",16.708
"1678","grid1678",16.895
"1679","grid1679",16.942
"1680","grid1680",16.68
"1681","grid1681",16.807
"1682","grid1682",16.789
"1683","grid1683",16.85
"1684","grid1684",16.84
"1685","grid1685",16.985
"1686","grid1686",16.903
"1687","grid1687",17.022
"1688","grid1688",16.827
"1689","grid1689",16.89
"1690","grid1690",16.784
"1691","grid1691",16.647
"1692","grid1692",16.373
"1693","grid1693",16.213
"1694","grid1694",14.709
"1695","grid1695",15.931
"1696","grid1696",15.62
"1697","grid1697",15.376
"1698","grid1698",15.722
"1699","grid1699",15.787
"1700","grid1700",15.847
"1701","grid1701",15.911
"1702","grid1702",16.029
"1703","grid1703",16.072
"1704","grid1704",15.436
"1705","grid1705",15.466
"1706","grid1706",16.834
"1707","grid1707",16.771
"1708","grid1708",16.627
"1709","grid1709",16.718
"1710","grid1710",16.965
"1711","grid1711",16.73
"1712","grid1712",16.614
"1713","grid1713",17.042
"1714","grid1714",16.991
"1715","grid1715",16.757
"1716","grid1716",16.794
"1717","grid1717",16.761
"1718","grid1718",16.901
"1719","grid1719",16.952
"1720","grid1720",17.001
"1721","grid1721",16.769
"1722","grid1722",16.916
"1723","grid1723",16.917
"1724","grid1724",16.939
"1725","grid1725",16.985
"1726","grid1726",16.906
"1727","grid1727",16.046
"1728","grid1728",16.216
"1729","grid1729",16.921
"1730","grid1730",14.827
"1731","grid1731",16.946
"1732","grid1732",14.919
"1733","grid1733",16.02
"1734","grid1734",16.607
"1735","grid1735",16.615
"1736","grid1736",16.01
"1737","grid1737",15.839
"1738","grid1738",15.738
"1739","grid1739",15.089
"1740","grid1740",15.549
"1741","grid1741",15.687
"1742","grid1742",15.798
"1743","grid1743",15.981
"1744","grid1744",16.033
"1745","grid1745",16.131
"1746","grid1746",15.093
"1747","grid1747",15.826
"1748","grid1748",16.234
"1749","grid1749",15.705
"1750","grid1750",16.635
"1751","grid1751",15.951
"1752","grid1752",16.777
"1753","grid1753",16.711
"1754","grid1754",16.727
"1755","grid1755",16.908
"1756","grid1756",16.917
"1757","grid1757",16.366
"1758","grid1758",16.191
"1759","grid1759",16.141
"1760","grid1760",16.06
"1761","grid1761",16.91
"1762","grid1762",16.983
"1763","grid1763",15.936
"1764","grid1764",15.593
"1765","grid1765",16.509
"1766","grid1766",17.01
"1767","grid1767",16.157
"1768","grid1768",15.354
"1769","grid1769",15.925
"1770","grid1770",15.939
"1771","grid1771",16.967
"1772","grid1772",14.832
"1773","grid1773",16.851
"1774","grid1774",17.291
"1775","grid1775",17.135
"1776","grid1776",16.623
"1777","grid1777",16.728
"1778","grid1778",16.113
"1779","grid1779",16.015
"1780","grid1780",15.966
"1781","grid1781",11.244
"1782","grid1782",15.549
"1783","grid1783",15.485
"1784","grid1784",15.342
"1785","grid1785",15.492
"1786","grid1786",16.095
"1787","grid1787",16.23
"1788","grid1788",15.904
"1789","grid1789",16.04
"1790","grid1790",16.197
"1791","grid1791",16.014
"1792","grid1792",16.381
"1793","grid1793",14.649
"1794","grid1794",16.134
"1795","grid1795",16.646
"1796","grid1796",16.651
"1797","grid1797",16.907
"1798","grid1798",16.489
"1799","grid1799",14.49
"1800","grid1800",14.38
"1801","grid1801",16.022
"1802","grid1802",16.868
"1803","grid1803",16.942
"1804","grid1804",16.988
"1805","grid1805",15.142
"1806","grid1806",16.497
